,Sobrevivio,Pclass,Genero,Edad,Tarifa,P_embarque,Miembros_de_fam,Viaja_solo
0,0,3,1,0.0225181866830882,0.0060315787824414,1,2,0
1,1,1,5,0.0388950497253341,0.0593035641134357,3,2,0
2,1,3,5,0.0266124024436497,0.0065931395656342,1,1,1
3,1,1,5,0.035824387904913,0.0441761149445022,1,2,0
4,0,3,1,0.035824387904913,0.0066971323032625,1,1,1
5,0,3,1,0.0183085357721651,0.0070368141814516,5,1,1
6,0,1,1,0.0552719127675801,0.043146586841982,1,1,1
7,0,3,3,0.0020471078802807,0.0175331755641315,1,5,0
8,1,3,5,0.02763595638379,0.0092622587666973,1,3,0
9,1,2,3,0.0143297551619652,0.0250171585173848,3,2,0
10,1,3,3,0.0040942157605614,0.013893429747141,1,3,0
11,1,1,5,0.0593661285281416,0.0220880574722511,1,1,1
12,0,3,1,0.0204710788028074,0.0066971323032625,1,1,1
13,0,3,1,0.0399186036654745,0.0260189829546008,1,7,0
14,0,3,3,0.0143297551619652,0.0065342380790416,1,1,1
15,1,2,5,0.0562954667077205,0.0133110704164225,1,1,1
16,0,3,3,0.0020471078802807,0.0242303078673941,5,6,0
17,1,2,1,0.0376655025535291,0.0108152447133432,1,1,1
18,0,3,5,0.0317301721443515,0.0149749542184753,1,2,0
19,1,3,5,0.0207792437360362,0.0060107802349157,3,1,1
20,0,2,1,0.035824387904913,0.0216304894266865,1,1,1
21,1,2,1,0.0348008339647726,0.0108152447133432,1,1,1
22,1,3,3,0.0153533091021055,0.0066798279117212,5,1,1
23,1,1,1,0.0286595103239304,0.0295339374864374,1,1,1
24,0,3,3,0.0081884315211229,0.0175331755641315,1,5,0
25,1,3,5,0.0388950497253341,0.0261125764184663,1,7,0
26,0,3,1,0.0233792709284769,0.0060107802349157,3,1,1
27,0,1,1,0.019447524862667,0.0932433411164238,1,6,0
28,1,3,5,0.027059851435408,0.0065550366265672,5,1,1
29,0,3,1,0.0342023724353923,0.0065688468621243,1,1,1
30,0,1,1,0.0409421576056149,0.0230620950499728,3,1,1
31,1,1,5,0.0303999982824084,0.0932433411164238,3,2,0
32,1,3,5,0.0248571135945809,0.0064475497329546,5,1,1
33,0,2,1,0.0675545600492646,0.0087353899607772,1,1,1
34,0,1,1,0.0286595103239304,0.0683613315608607,3,2,0
35,0,1,1,0.0429892654858956,0.0432609788533731,1,2,0
36,1,3,1,0.0246490707353593,0.0060142743909001,3,1,1
37,0,3,1,0.0214946327429478,0.0066971323032625,1,1,1
38,0,3,5,0.0184239709225267,0.0149749542184753,1,3,0
39,1,3,3,0.0143297551619652,0.0093524412687685,3,2,0
40,0,3,5,0.0409421576056149,0.0078826495122252,1,2,0
41,0,2,5,0.02763595638379,0.0174707799215545,1,2,0
42,0,3,1,0.0355512670065942,0.0065688468621243,3,1,1
43,1,2,3,0.0030706618204211,0.0345914786911571,3,4,0
44,1,3,5,0.019447524862667,0.0065550366265672,5,1,1
45,0,3,1,0.0418509824477642,0.0066971323032625,1,1,1
46,0,3,1,0.034820908410477,0.0128950994659093,5,2,0
47,1,3,5,0.0176454154389416,0.0064475497329546,5,1,1
48,0,3,1,0.0324865596807133,0.0180358348607316,3,3,0
49,0,3,5,0.0184239709225267,0.01480856583827,1,2,0
50,0,3,3,0.0071648775809826,0.0330176941969855,1,6,0
51,0,3,1,0.0214946327429478,0.0064891468280059,1,1,1
52,1,1,5,0.0501541430668782,0.0638342365122354,3,2,0
53,1,2,5,0.0296830642640708,0.0216304894266865,1,2,0
54,0,1,1,0.0665310061091242,0.0515630934720959,3,2,0
55,1,1,1,0.0318859638301242,0.0295339374864374,1,1,1
56,1,2,5,0.0214946327429478,0.0087353899607772,1,1,1
57,0,3,1,0.0291712872940006,0.0060142743909001,3,1,1
58,1,2,3,0.0051177697007018,0.0230863877534828,1,4,0
59,0,3,3,0.0112590933415441,0.0390180751581385,1,8,0
60,0,3,1,0.0225181866830882,0.0060142743909001,3,1,1
61,1,1,5,0.0388950497253341,0.0665553520821125,1,1,1
62,0,1,1,0.0460599273063167,0.0694463501881793,1,2,0
63,0,3,3,0.0040942157605614,0.0232111790386367,1,6,0
64,0,1,1,0.037887714500701,0.0230620950499728,3,1,1
65,1,3,1,0.0323543011659278,0.0126836198346684,3,3,0
66,1,2,5,0.0296830642640708,0.0087353899607772,1,1,1
67,0,3,1,0.019447524862667,0.0067872316111437,1,1,1
68,1,3,5,0.0174004169823863,0.0065931395656342,1,7,0
69,0,3,1,0.0266124024436497,0.0072066967176412,1,3,0
70,0,2,1,0.0327537260844919,0.0087353899607772,1,1,1
71,0,3,5,0.0163768630422459,0.0390180751581385,1,8,0
72,0,2,1,0.0214946327429478,0.0611477297254409,1,1,1
73,0,3,1,0.0266124024436497,0.0120250546258158,3,2,0
74,1,3,1,0.0327537260844919,0.0470012232520077,1,1,1
75,0,3,1,0.0255888485035093,0.006364355542852,1,1,1
76,0,3,1,0.0211200547691667,0.0065688468621243,1,1,1
77,0,3,1,0.032546024131851,0.0066971323032625,1,1,1
78,1,2,3,0.0008495497703165,0.0241263151297658,1,3,0
79,1,3,5,0.0307066182042111,0.0103784752153044,1,1,1
80,0,3,1,0.0225181866830882,0.0074874771092376,1,1,1
81,1,3,1,0.0296830642640708,0.0079034480597508,1,1,1
82,1,3,5,0.0370733878224783,0.0064787475542431,5,1,1
83,0,1,1,0.0286595103239304,0.0391844635383437,1,1,1
84,1,2,5,0.0174004169823863,0.0087353899607772,1,1,1
85,1,3,5,0.0337772800246323,0.0131862791312685,1,4,0
86,0,3,1,0.0163768630422459,0.0285980028477827,1,5,0
87,0,3,1,0.0445689213294142,0.0066971323032625,1,1,1
88,1,1,5,0.0235417406232285,0.0932433411164238,1,6,0
89,0,3,1,0.0245652945633689,0.0066971323032625,1,1,1
90,0,3,1,0.0296830642640708,0.0066971323032625,1,1,1
91,0,3,1,0.0204710788028074,0.0065342380790416,1,1,1
92,0,1,1,0.0470834812464571,0.0508940457952904,1,2,0
93,0,3,1,0.0266124024436497,0.0171172046136183,1,4,0
94,0,3,1,0.060389682468282,0.0060315787824414,1,1,1
95,0,3,1,0.0433052965188591,0.0066971323032625,1,1,1
96,0,1,1,0.0726723297499665,0.0288302810265493,3,1,1
97,1,1,1,0.0235417406232285,0.0527104245478014,3,2,0
98,1,2,5,0.0348008339647726,0.0191346637236073,1,2,0
99,0,2,1,0.0348008339647726,0.0216304894266865,1,2,0
100,0,3,5,0.0286595103239304,0.0065688468621243,1,1,1
101,0,3,1,0.0236944094470121,0.0065688468621243,1,1,1
102,0,1,1,0.0214946327429478,0.0642987096755784,1,2,0
103,0,3,1,0.0337772800246323,0.0071997915998627,1,1,1
104,0,3,1,0.0378714957851938,0.0065931395656342,1,3,0
105,0,3,1,0.0286595103239304,0.0065688468621243,1,1,1
106,1,3,5,0.0214946327429478,0.006364355542852,1,1,1
107,1,3,1,0.024380461983961,0.0064683482804803,1,1,1
108,0,3,1,0.0388950497253341,0.0065688468621243,1,1,1
109,1,3,5,0.0255975445068484,0.0200913969097877,5,2,0
110,0,1,1,0.0481070351865975,0.0432609788533731,1,1,1
111,0,3,3,0.0148415321320354,0.0120250546258158,3,2,0
112,0,3,1,0.0225181866830882,0.0066971323032625,1,1,1
113,0,3,5,0.0204710788028074,0.0081738291775844,1,2,0
114,0,3,5,0.0174004169823863,0.0120284655876101,3,1,1
115,0,3,1,0.0214946327429478,0.0065931395656342,1,1,1
116,0,3,1,0.0721605527798963,0.0064475497329546,5,1,1
117,0,2,1,0.0296830642640708,0.0174707799215545,1,2,0
118,0,1,1,0.0245652945633689,0.0932433411164238,3,2,0
119,0,3,3,0.0020471078802807,0.0260189829546008,1,7,0
120,0,2,1,0.0214946327429478,0.0611477297254409,1,3,0
121,0,3,1,0.0406782662316745,0.0066971323032625,1,1,1
122,0,2,1,0.0332655030545621,0.0250171585173848,3,2,0
123,1,2,5,0.0332655030545621,0.0108152447133432,1,1,1
124,0,1,1,0.0552719127675801,0.0642987096755784,1,2,0
125,1,3,3,0.0122826472816844,0.0093524412687685,3,2,0
126,0,3,1,0.0439815965109992,0.0064475497329546,5,1,1
127,1,3,1,0.0245652945633689,0.0059414794745602,1,1,1
128,1,3,5,0.0326469610655483,0.0186008066057187,3,3,0
129,0,3,1,0.0460599273063167,0.0058027947596591,1,1,1
130,0,3,1,0.0337772800246323,0.0065688468621243,3,1,1
131,0,3,1,0.0204710788028074,0.0058651904022361,1,1,1
132,0,3,5,0.0481070351865975,0.0120631575648829,1,2,0
133,1,2,5,0.0296830642640708,0.0216304894266865,1,2,0
134,0,2,1,0.0255888485035093,0.0108152447133432,1,1,1
135,0,2,1,0.0235417406232285,0.0125172314544631,3,1,1
136,1,1,5,0.019447524862667,0.0218661785672473,1,3,0
137,0,1,1,0.0378714957851938,0.0441761149445022,1,2,0
138,0,3,1,0.0163768630422459,0.00766775891919,1,1,1
139,0,1,1,0.0245652945633689,0.0658897985612914,3,1,1
140,0,3,5,0.0320456583232224,0.0126836198346684,3,3,0
141,1,3,5,0.0225181866830882,0.0064475497329546,1,1,1
142,1,3,5,0.0245652945633689,0.0131862791312685,1,2,0
143,0,3,1,0.019447524862667,0.0056156078319282,5,1,1
144,0,2,1,0.0184239709225267,0.0095673318618036,1,1,1
145,0,2,1,0.019447524862667,0.0305738648627204,1,3,0
146,1,3,1,0.02763595638379,0.0064856526720216,1,1,1
147,0,3,3,0.0092119854612633,0.0285980028477827,1,5,0
148,0,2,1,0.0373597188151236,0.0216304894266865,1,3,0
149,0,2,1,0.0429892654858956,0.0108152447133432,1,1,1
150,0,2,1,0.052201250947159,0.0104200723103557,1,1,1
151,1,1,5,0.0225181866830882,0.0554073306083587,1,2,0
152,0,3,1,0.0568072436777907,0.0066971323032625,1,1,1
153,0,3,1,0.0414539345756851,0.0120631575648829,1,3,0
154,0,3,1,0.0164886781860675,0.0060835751512556,1,1,1
155,0,1,1,0.052201250947159,0.05106392833148,3,2,0
156,1,3,5,0.0163768630422459,0.0064336563032075,5,1,1
157,0,3,1,0.0307066182042111,0.0066971323032625,1,1,1
158,0,3,1,0.0271808332522141,0.0072066967176412,1,1,1
159,0,3,1,0.0299798198566369,0.0578615592163866,1,11,0
160,0,3,1,0.0450363733661764,0.0133942646065251,1,2,0
161,1,2,5,0.0409421576056149,0.0131030849411659,1,1,1
162,0,3,1,0.0266124024436497,0.0064683482804803,1,1,1
163,0,3,1,0.0174004169823863,0.0072066967176412,1,1,1
164,0,3,3,0.0010235539401403,0.0330176941969855,1,6,0
165,1,3,3,0.0092119854612633,0.017075607518567,1,3,0
166,1,1,5,0.0381203998209391,0.0457568045564524,1,2,0
167,0,3,5,0.0460599273063167,0.0232111790386367,1,6,0
168,0,1,1,0.0312287763335885,0.0215680937841096,1,1,1
169,0,3,1,0.0286595103239304,0.0470012232520077,1,1,1
170,0,1,1,0.0624367903485627,0.0278700536843846,1,1,1
171,0,3,3,0.0040942157605614,0.0242303078673941,5,6,0
172,1,3,3,0.0010235539401403,0.0092622587666973,1,3,0
173,0,3,1,0.0214946327429478,0.0065931395656342,1,1,1
174,0,1,1,0.0573190206478609,0.0255371222055263,3,1,1
175,0,3,1,0.0184239709225267,0.0065342380790416,1,3,0
176,0,3,1,0.0327812691877306,0.0211868148108692,1,5,0
177,0,1,5,0.0511776970070186,0.0238871318332207,3,1,1
178,0,2,1,0.0307066182042111,0.0108152447133432,1,1,1
179,0,3,1,0.0368479418450534,0.0,1,1,1
180,0,3,5,0.016789569988577,0.0578615592163866,1,11,0
181,0,2,1,0.0233652109366537,0.0125207256104474,3,1,1
182,0,3,3,0.0092119854612633,0.0261125764184663,1,7,0
183,1,2,3,0.0010235539401403,0.0324457341400298,1,4,0
184,1,3,3,0.0040942157605614,0.0183235203701066,1,3,0
185,0,1,1,0.0361767806398686,0.0415970950513203,1,1,1
186,1,3,5,0.0436326207685456,0.0128950994659093,5,2,0
187,1,1,1,0.0460599273063167,0.0220880574722511,1,1,1
188,0,3,1,0.0409421576056149,0.0128950994659093,5,3,0
189,0,3,1,0.0368479418450534,0.0065688468621243,1,1,1
190,1,2,5,0.0327537260844919,0.0108152447133432,1,1,1
191,0,2,1,0.019447524862667,0.0108152447133432,1,1,1
192,1,3,5,0.019447524862667,0.0065342380790416,1,2,0
193,1,2,3,0.0030706618204211,0.0216304894266865,1,3,0
194,1,1,5,0.0450363733661764,0.0230620950499728,3,1,1
195,1,1,5,0.0593661285281416,0.0932433411164238,3,1,1
196,0,3,1,0.02519003429924,0.0064475497329546,5,1,1
197,0,3,1,0.0429892654858956,0.0069918061246061,1,2,0
198,1,3,5,0.0401112342556053,0.0064475497329546,5,1,1
199,0,2,5,0.0245652945633689,0.0108152447133432,1,1,1
200,0,3,1,0.0286595103239304,0.0079034480597508,1,1,1
201,0,3,1,0.0277081255939624,0.0578615592163866,1,11,0
202,0,3,1,0.0348008339647726,0.0054041282006873,1,1,1
203,0,3,1,0.0465717042763869,0.0060107802349157,3,1,1
204,1,3,1,0.0184239709225267,0.0066971323032625,1,1,1
205,0,3,3,0.0020471078802807,0.0087041921394887,1,2,0
206,0,3,1,0.0327537260844919,0.0131862791312685,1,2,0
207,1,3,1,0.0266124024436497,0.0156301084655336,3,1,1
208,1,3,5,0.0163768630422459,0.0064475497329546,5,1,1
209,1,1,1,0.0409421576056149,0.0257901989318186,3,1,1
210,0,3,1,0.0245652945633689,0.0058651904022361,1,1,1
211,1,2,5,0.035824387904913,0.0174707799215545,1,1,1
212,0,3,1,0.0225181866830882,0.0060315787824414,1,1,1
213,0,2,1,0.0307066182042111,0.0108152447133432,1,1,1
214,0,3,1,0.0155992805286415,0.0064475497329546,5,2,0
215,1,1,5,0.0317301721443515,0.0932433411164238,3,2,0
216,1,3,5,0.02763595638379,0.0065931395656342,1,1,1
217,0,2,1,0.0429892654858956,0.0224624313277129,1,2,0
218,1,1,5,0.0327537260844919,0.0634702619305363,3,1,1
219,0,2,1,0.0307066182042111,0.0087353899607772,1,1,1
220,1,3,1,0.0163768630422459,0.0066971323032625,1,1,1
221,0,2,1,0.02763595638379,0.0108152447133432,1,1,1
222,0,3,1,0.052201250947159,0.0066971323032625,1,1,1
223,0,3,1,0.0448454219045433,0.0065688468621243,1,1,1
224,1,1,1,0.0388950497253341,0.0748747710923766,1,2,0
225,0,3,1,0.0225181866830882,0.0077786567745969,1,1,1
226,1,2,1,0.019447524862667,0.0087353899607772,1,1,1
227,0,3,1,0.0209828557728776,0.0060315787824414,1,1,1
228,0,2,1,0.0184239709225267,0.0108152447133432,1,1,1
229,0,3,5,0.0244020688810427,0.0211868148108692,1,5,0
230,1,1,5,0.035824387904913,0.0694463501881793,1,2,0
231,0,3,1,0.0296830642640708,0.0064683482804803,1,1,1
232,0,2,1,0.060389682468282,0.0112312156638564,1,1,1
233,1,3,3,0.0051177697007018,0.0261125764184663,1,7,0
234,0,2,1,0.0245652945633689,0.0087353899607772,1,1,1
235,0,3,5,0.0317308047632038,0.0062811613527493,1,1,1
236,0,2,1,0.0450363733661764,0.0216304894266865,1,2,0
237,1,2,3,0.0081884315211229,0.0218384749019431,1,3,0
238,0,2,1,0.019447524862667,0.0087353899607772,1,1,1
239,0,2,1,0.0337772800246323,0.0102120868350991,1,1,1
240,0,3,5,0.0440571338714177,0.0120250546258158,3,2,0
241,1,3,5,0.0448084361045694,0.0128950994659093,5,2,0
242,0,2,1,0.0296830642640708,0.0087353899607772,1,1,1
243,0,3,1,0.0225181866830882,0.0059275860448131,1,1,1
244,0,3,1,0.0307066182042111,0.0060107802349157,3,1,1
245,0,1,1,0.0450363733661764,0.0748747710923766,5,3,0
246,0,3,5,0.0255888485035093,0.0064683482804803,1,1,1
247,1,2,5,0.0245652945633689,0.0120631575648829,1,3,0
248,1,1,1,0.0378714957851938,0.043722041054922,1,3,0
249,0,2,1,0.0552719127675801,0.0216304894266865,1,2,0
250,0,3,1,0.044798689609845,0.0060315787824414,1,1,1
251,0,3,5,0.0296830642640708,0.0087041921394887,1,3,0
252,0,1,1,0.0634603442887031,0.0220880574722511,1,1,1
253,0,3,1,0.0307066182042111,0.0133942646065251,1,2,0
254,0,3,5,0.0419657115457553,0.0168156256744962,1,3,0
255,1,3,5,0.0296830642640708,0.0126836198346684,3,3,0
256,1,1,5,0.0447249605294835,0.0658897985612914,3,1,1
257,1,1,5,0.0307066182042111,0.0719629744387842,1,1,1
258,1,1,5,0.035824387904913,0.0932433411164238,3,1,1
259,1,2,5,0.0511776970070186,0.0216304894266865,1,2,0
260,0,3,1,0.0364266768953115,0.0064475497329546,5,1,1
261,1,3,3,0.0030706618204211,0.0261125764184663,1,7,0
262,0,1,1,0.0532248048872994,0.0662641724167533,1,3,0
263,0,1,1,0.0409421576056149,0.0,1,1,1
264,0,3,5,0.0207298301064937,0.0064475497329546,5,1,1
265,0,2,1,0.0368479418450534,0.0087353899607772,1,1,1
266,0,3,1,0.0163768630422459,0.0330176941969855,1,6,0
267,1,3,1,0.0255888485035093,0.0064683482804803,1,2,0
268,1,1,5,0.0593661285281416,0.0932433411164238,1,2,0
269,1,1,5,0.035824387904913,0.0932433411164238,1,1,1
270,0,1,1,0.0407149330937834,0.0257901989318186,1,1,1
271,1,3,1,0.0255888485035093,0.0,1,1,1
272,1,2,5,0.0419657115457553,0.0162228670700149,1,2,0
273,0,1,1,0.0378714957851938,0.0247086744604842,3,2,0
274,1,3,5,0.0250372459435289,0.0064475497329546,5,1,1
275,1,1,5,0.0644838982288435,0.0648567763027869,1,2,0
276,0,3,5,0.0460599273063167,0.0064475497329546,1,1,1
277,0,2,1,0.0310061234034504,0.0,1,1,1
278,0,3,3,0.0071648775809826,0.0242303078673941,5,6,0
279,1,3,5,0.035824387904913,0.0168468234957847,1,3,0
280,0,3,1,0.0665310061091242,0.0064475497329546,5,1,1
281,0,3,1,0.0286595103239304,0.0065342380790416,1,1,1
282,0,3,1,0.0163768630422459,0.0079034480597508,1,1,1
283,1,3,1,0.019447524862667,0.0066971323032625,1,1,1
284,0,1,1,0.0371032842511832,0.0216304894266865,1,1,1
285,0,3,1,0.0337772800246323,0.0072066967176412,3,1,1
286,1,3,1,0.0307066182042111,0.0079034480597508,1,1,1
287,0,3,1,0.0225181866830882,0.0065688468621243,1,1,1
288,1,2,1,0.0429892654858956,0.0108152447133432,1,1,1
289,1,3,5,0.0225181866830882,0.0064475497329546,5,1,1
290,1,1,5,0.0266124024436497,0.0655986188959322,1,1,1
291,1,1,5,0.019447524862667,0.0757726027919643,3,2,0
292,0,2,1,0.0368479418450534,0.0107112519757149,3,1,1
293,0,3,5,0.0245652945633689,0.0073626858240837,1,1,1
294,0,3,1,0.0245652945633689,0.0065688468621243,1,1,1
295,0,1,1,0.021096718937481,0.0230620950499728,3,1,1
296,0,3,1,0.0240535175932987,0.0060142743909001,3,1,1
297,0,1,3,0.0020471078802807,0.0932433411164238,1,4,0
298,1,1,1,0.0359341622692777,0.0253742279813054,1,1,1
299,1,1,5,0.0511776970070186,0.0932433411164238,3,2,0
300,1,3,5,0.0417209147814226,0.0064475497329546,5,1,1
301,1,3,1,0.0325663558422165,0.0193426491988639,5,3,0
302,0,3,1,0.019447524862667,0.0,1,1,1
303,1,2,5,0.0378855975296723,0.0102744824776761,5,1,1
304,0,3,1,0.0248502656373796,0.0066971323032625,1,1,1
305,1,1,3,0.0009416696249291,0.0932433411164238,1,4,0
306,1,1,5,0.0194617760436292,0.0922484633940814,3,1,1
307,1,1,5,0.0174004169823863,0.0905984730217757,3,2,0
308,0,2,1,0.0307066182042111,0.0199666056246337,3,2,0
309,1,1,5,0.0307066182042111,0.0473617868719125,3,1,1
310,1,1,5,0.0245652945633689,0.0691828741881242,3,1,1
311,1,1,5,0.0184239709225267,0.0932433411164238,3,5,0
312,0,2,5,0.0266124024436497,0.0216304894266865,1,3,0
313,0,3,1,0.0286595103239304,0.0065688468621243,1,1,1
314,0,2,1,0.044012819426036,0.0218384749019431,1,3,0
315,1,3,5,0.0266124024436497,0.0065342380790416,1,1,1
316,1,2,5,0.0245652945633689,0.0216304894266865,1,2,0
317,0,2,1,0.0552719127675801,0.0116471866143697,1,1,1
318,1,1,5,0.0317301721443515,0.0932433411164238,1,3,0
319,1,1,5,0.0409421576056149,0.0932433411164238,3,3,0
320,0,3,1,0.0225181866830882,0.0060315787824414,1,1,1
321,0,3,1,0.02763595638379,0.0065688468621243,1,1,1
322,1,2,5,0.0307066182042111,0.0102744824776761,5,1,1
323,1,2,5,0.0225181866830882,0.0241263151297658,1,3,0
324,0,3,1,0.036286188666414,0.0578615592163866,1,11,0
325,1,1,5,0.0368479418450534,0.0932433411164238,3,1,1
326,0,3,1,0.0624367903485627,0.0051892376076522,1,1,1
327,1,2,5,0.0368479418450534,0.0108152447133432,1,1,1
328,1,3,5,0.0317301721443515,0.017075607518567,1,3,0
329,1,1,5,0.0163768630422459,0.0482353258679902,3,2,0
330,1,3,5,0.0231893947590182,0.0193426491988639,5,3,0
331,0,1,1,0.0465717042763869,0.0237103441792526,1,1,1
332,0,1,1,0.0388950497253341,0.0932433411164238,1,2,0
333,0,3,1,0.0163768630422459,0.0149749542184753,1,3,0
334,1,1,5,0.0216840629721565,0.0932433411164238,1,2,0
335,0,3,1,0.0183913761788503,0.0065688468621243,1,1,1
336,0,1,1,0.0296830642640708,0.0554073306083587,1,2,0
337,1,1,5,0.0419657115457553,0.0932433411164238,3,1,1
338,1,3,1,0.0460599273063167,0.0066971323032625,1,1,1
339,0,1,1,0.0460599273063167,0.0295339374864374,1,1,1
340,1,2,3,0.0020471078802807,0.0216304894266865,1,3,0
341,1,1,5,0.0245652945633689,0.0932433411164238,1,6,0
342,0,2,1,0.0286595103239304,0.0108152447133432,1,1,1
343,0,2,1,0.0255888485035093,0.0108152447133432,1,1,1
344,0,2,1,0.0368479418450534,0.0108152447133432,1,1,1
345,1,2,5,0.0245652945633689,0.0108152447133432,1,1,1
346,1,2,5,0.0409421576056149,0.0108152447133432,1,1,1
347,1,3,5,0.0313131428963362,0.0133942646065251,1,2,0
348,1,3,3,0.0030706618204211,0.0132278762263198,1,3,0
349,0,3,1,0.0429892654858956,0.0072066967176412,1,1,1
350,0,3,1,0.0235417406232285,0.0076746640369686,1,1,1
351,0,1,1,0.040576456695038,0.0291179665359242,1,1,1
352,0,3,3,0.0153533091021055,0.0060142743909001,3,3,0
353,0,3,1,0.0255888485035093,0.01480856583827,1,2,0
354,0,3,1,0.0395090303434941,0.0060107802349157,3,1,1
355,0,3,1,0.0286595103239304,0.0079034480597508,1,1,1
356,1,1,5,0.0225181866830882,0.0457568045564524,1,2,0
357,0,2,5,0.0388950497253341,0.0108152447133432,1,1,1
358,1,3,5,0.0387152665651138,0.0065550366265672,5,1,1
359,1,3,5,0.0255562894180302,0.0065550366265672,5,1,1
360,0,3,1,0.0409421576056149,0.0232111790386367,1,6,0
361,0,2,1,0.0296830642640708,0.0230620950499728,3,2,0
362,0,3,5,0.0460599273063167,0.0120250546258158,3,2,0
363,0,3,1,0.035824387904913,0.0058651904022361,1,1,1
364,0,3,1,0.0325225434740957,0.0128950994659093,5,2,0
365,0,3,1,0.0307066182042111,0.0060315787824414,1,1,1
366,1,1,5,0.0614132364084223,0.0626036280522371,3,2,0
367,1,3,5,0.017359100628661,0.0060142743909001,3,1,1
368,1,3,5,0.0409771257796294,0.0064475497329546,5,1,1
369,1,1,5,0.0245652945633689,0.05765357374113,3,1,1
370,1,1,1,0.0255888485035093,0.0461242732941357,3,2,0
371,0,3,1,0.0184239709225267,0.0054041282006873,1,2,0
372,0,3,1,0.019447524862667,0.0066971323032625,1,1,1
373,0,1,1,0.0225181866830882,0.0932433411164238,3,1,1
374,0,3,3,0.0030706618204211,0.0175331755641315,1,5,0
375,1,1,5,0.0296026963881429,0.0683613315608607,3,2,0
376,1,3,5,0.0225181866830882,0.0060315787824414,1,1,1
377,0,1,1,0.02763595638379,0.0932433411164238,3,3,0
378,0,3,1,0.0204710788028074,0.0033381668778684,3,1,1
379,0,3,1,0.019447524862667,0.0064683482804803,1,1,1
380,1,1,5,0.0429892654858956,0.0932433411164238,3,1,1
381,1,3,3,0.0010235539401403,0.0130961798233873,3,3,0
382,0,3,1,0.0327537260844919,0.0065931395656342,1,1,1
383,1,1,5,0.035824387904913,0.0432609788533731,1,2,0
384,0,3,1,0.0243595778379067,0.0065688468621243,1,1,1
385,0,2,1,0.0184239709225267,0.0611477297254409,1,1,1
386,0,3,3,0.0010235539401403,0.0390180751581385,1,8,0
387,1,2,5,0.0368479418450534,0.0108152447133432,1,1,1
388,0,3,1,0.0292845605783973,0.0064302453414133,5,1,1
389,1,2,5,0.0174004169823863,0.0099833028123168,3,1,1
390,1,1,1,0.0368479418450534,0.0932433411164238,1,4,0
391,1,3,1,0.0214946327429478,0.0064856526720216,1,1,1
392,0,3,1,0.0286595103239304,0.0065931395656342,1,3,0
393,1,1,5,0.0235417406232285,0.0932433411164238,3,2,0
394,1,3,5,0.0245652945633689,0.013893429747141,1,3,0
395,0,3,1,0.0225181866830882,0.0064856526720216,1,1,1
396,0,3,5,0.0317301721443515,0.0065342380790416,1,1,1
397,0,2,1,0.0470834812464571,0.0216304894266865,1,1,1
398,0,2,1,0.0235417406232285,0.0087353899607772,1,1,1
399,1,2,5,0.0286595103239304,0.010524065047984,1,1,1
400,1,3,1,0.0399186036654745,0.0065931395656342,1,1,1
401,0,3,1,0.0266124024436497,0.0066971323032625,1,1,1
402,0,3,5,0.0214946327429478,0.0081738291775844,1,2,0
403,0,3,1,0.0286595103239304,0.0131862791312685,1,2,0
404,0,3,5,0.0204710788028074,0.0072066967176412,1,1,1
405,0,2,1,0.0348008339647726,0.0174707799215545,1,2,0
406,0,3,1,0.052201250947159,0.0064475497329546,1,1,1
407,1,2,3,0.0030706618204211,0.0155989106442451,1,3,0
408,0,3,1,0.0214946327429478,0.0064683482804803,1,1,1
409,0,3,5,0.0332421173452867,0.0211868148108692,1,5,0
410,0,3,1,0.0330635702993699,0.0065688468621243,1,1,1
411,0,3,1,0.0419103968548936,0.0057057071398094,5,1,1
412,1,1,5,0.0337772800246323,0.0748747710923766,5,2,0
413,0,2,1,0.0229654442804615,0.0,1,1,1
414,1,3,1,0.0450363733661764,0.0065931395656342,1,1,1
415,0,3,5,0.0379466952781809,0.0066971323032625,1,1,1
416,1,2,5,0.0348008339647726,0.0270381117833582,1,3,0
417,1,2,5,0.0184239709225267,0.0108152447133432,1,3,0
418,0,2,1,0.0307066182042111,0.0108152447133432,1,1,1
419,0,3,3,0.0102355394014037,0.0200913969097877,1,3,0
420,0,3,1,0.0228157783690728,0.0065688468621243,3,1,1
421,0,3,1,0.0214946327429478,0.0064336563032075,5,1,1
422,0,3,1,0.0296830642640708,0.0065515424705829,1,1,1
423,0,3,5,0.0286595103239304,0.0119799633747802,1,3,0
424,0,3,1,0.0184239709225267,0.0168156256744962,1,3,0
425,0,3,1,0.0161100489906796,0.0060315787824414,1,1,1
426,1,2,5,0.0286595103239304,0.0216304894266865,1,2,0
427,1,2,5,0.019447524862667,0.0216304894266865,1,1,1
428,0,3,1,0.0408854249257634,0.0064475497329546,5,1,1
429,1,3,1,0.0327537260844919,0.0066971323032625,1,1,1
430,1,1,1,0.0286595103239304,0.0220880574722511,1,1,1
431,1,3,5,0.0448784211142807,0.0133942646065251,1,2,0
432,1,2,5,0.0429892654858956,0.0216304894266865,1,2,0
433,0,3,1,0.0174004169823863,0.0059275860448131,1,1,1
434,0,1,1,0.0511776970070186,0.0465055522673761,1,2,0
435,1,1,3,0.0143297551619652,0.0932433411164238,1,4,0
436,0,3,5,0.0214946327429478,0.0285980028477827,1,5,0
437,1,2,5,0.0245652945633689,0.0155989106442451,1,6,0
438,0,1,1,0.0655074521689838,0.0932433411164238,1,6,0
439,0,2,1,0.0317301721443515,0.0087353899607772,1,1,1
440,1,2,5,0.0460599273063167,0.0218384749019431,1,3,0
441,0,3,1,0.0204710788028074,0.0079034480597508,1,1,1
442,0,3,1,0.0255888485035093,0.0064683482804803,1,2,0
443,1,2,5,0.0286595103239304,0.0108152447133432,1,1,1
444,1,3,1,0.0175741123291368,0.0067491286720767,1,1,1
445,1,1,3,0.0040942157605614,0.0681013497167899,1,3,0
446,1,2,3,0.0133062012218248,0.0162228670700149,1,2,0
447,1,1,1,0.0348008339647726,0.0220880574722511,1,1,1
448,1,3,3,0.0051177697007018,0.0160217867125368,3,4,0
449,1,1,1,0.0532248048872994,0.0253742279813054,1,1,1
450,0,2,1,0.0368479418450534,0.0230863877534828,1,4,0
451,0,3,1,0.0334060492657135,0.0166111343552239,1,2,0
452,0,1,1,0.0307066182042111,0.0230863877534828,3,1,1
453,1,1,1,0.0501541430668782,0.0741295175374372,3,2,0
454,0,3,1,0.0188608404651244,0.0066971323032625,1,1,1
455,1,3,1,0.0296830642640708,0.0065688468621243,3,1,1
456,0,1,1,0.0665310061091242,0.0220880574722511,1,1,1
457,1,1,5,0.0245584680660265,0.043146586841982,1,2,0
458,1,2,5,0.0511776970070186,0.0087353899607772,1,1,1
459,0,3,1,0.0351283050991373,0.0064475497329546,5,1,1
460,1,1,1,0.0491305891267379,0.0220880574722511,1,1,1
461,0,3,1,0.0348008339647726,0.0066971323032625,1,1,1
462,0,1,1,0.0481070351865975,0.0320297631895166,1,1,1
463,0,2,1,0.0491305891267379,0.0108152447133432,1,1,1
464,0,3,1,0.015494927475721,0.0066971323032625,1,1,1
465,0,3,1,0.0388950497253341,0.0058651904022361,1,1,1
466,0,2,1,0.0235356058541841,0.0,1,1,1
467,0,1,1,0.0573190206478609,0.0220880574722511,1,1,1
468,0,3,1,0.0419714851604767,0.0064267511854289,5,1,1
469,1,3,3,0.0007676654551052,0.0160217867125368,3,4,0
470,0,3,1,0.0307120351073052,0.0060315787824414,1,1,1
471,0,3,1,0.0388950497253341,0.0072066967176412,1,1,1
472,1,2,5,0.0337772800246323,0.0230863877534828,1,4,0
473,1,2,5,0.0235417406232285,0.0114738931163859,3,1,1
474,0,3,5,0.0225181866830882,0.0081842284513472,1,1,1
475,0,1,1,0.0431814128303965,0.0432609788533731,1,1,1
476,0,2,1,0.0348008339647726,0.0174707799215545,1,2,0
477,0,3,1,0.0296830642640708,0.0058616962462518,1,2,0
478,0,3,1,0.0225181866830882,0.0062568686492394,1,1,1
479,1,3,3,0.0020471078802807,0.0102224861088619,1,2,0
480,0,3,3,0.0092119854612633,0.0390180751581385,1,8,0
481,0,2,1,0.0296591964570345,0.0,1,1,1
482,0,3,1,0.0511776970070186,0.0066971323032625,1,1,1
483,1,3,5,0.0644838982288435,0.0079762429760906,1,1,1
484,1,1,1,0.0255888485035093,0.0757726027919643,3,2,0
485,0,3,5,0.0238372408452768,0.0211868148108692,1,5,0
486,1,1,5,0.035824387904913,0.0748747710923766,1,2,0
487,0,1,1,0.0593661285281416,0.0247086744604842,3,1,1
488,0,3,1,0.0307066182042111,0.0066971323032625,1,1,1
489,1,3,3,0.0092119854612633,0.0132278762263198,1,3,0
490,0,3,1,0.022594600832789,0.0166111343552239,1,2,0
491,0,3,1,0.0214946327429478,0.0060315787824414,1,1,1
492,0,1,1,0.0562954667077205,0.0253742279813054,1,1,1
493,0,1,1,0.0726723297499665,0.0411846182567914,3,1,1
494,0,3,1,0.0214946327429478,0.0066971323032625,1,1,1
495,0,3,1,0.0221225704877163,0.0120284655876101,3,1,1
496,1,1,5,0.0552719127675801,0.0651133471850635,3,2,0
497,0,3,1,0.0398313648036367,0.0125623227054987,1,1,1
498,0,1,5,0.0255888485035093,0.0932433411164238,1,4,0
499,0,3,1,0.0245652945633689,0.0064856526720216,1,1,1
500,0,3,1,0.0174004169823863,0.0072066967176412,1,1,1
501,0,3,5,0.0214946327429478,0.0064475497329546,5,1,1
502,0,3,5,0.0403032784005872,0.0063470511513106,5,1,1
503,0,3,5,0.0378714957851938,0.0079762429760906,1,1,1
504,1,1,5,0.0163768630422459,0.0719629744387842,1,1,1
505,0,1,1,0.0184239709225267,0.0905984730217757,3,2,0
506,1,2,5,0.0337772800246323,0.0216304894266865,1,3,0
507,1,1,1,0.0256925553358595,0.0220880574722511,1,1,1
508,0,3,1,0.0286595103239304,0.0187394913206198,1,1,1
509,1,3,1,0.0266124024436497,0.0470012232520077,1,1,1
510,1,3,1,0.0296830642640708,0.0064475497329546,5,1,1
511,0,3,1,0.03427151058873,0.0066971323032625,1,1,1
512,1,1,1,0.0368479418450534,0.0218696727232316,1,1,1
513,1,1,5,0.0552719127675801,0.0494173489209685,3,2,0
514,0,3,1,0.0245652945633689,0.0062360701017137,1,1,1
515,0,1,1,0.0481070351865975,0.0283033290264392,1,1,1
516,1,2,5,0.0348008339647726,0.0087353899607772,1,1,1
517,0,3,1,0.0384839194573719,0.0200913969097877,5,1,1
518,1,2,5,0.0368479418450534,0.0216304894266865,1,2,0
519,0,3,1,0.0327537260844919,0.0065688468621243,1,1,1
520,1,1,5,0.0307066182042111,0.077786567745969,1,1,1
521,0,3,1,0.0225181866830882,0.0065688468621243,1,1,1
522,0,3,1,0.0436661155394776,0.0060107802349157,3,1,1
523,1,1,5,0.0450363733661764,0.0482353258679902,3,2,0
524,0,3,1,0.0411953526941584,0.0060142743909001,3,1,1
525,0,3,1,0.0414539345756851,0.0064475497329546,5,1,1
526,1,2,5,0.0511776970070186,0.0087353899607772,1,1,1
527,0,1,1,0.0307596927972354,0.0932433411164238,1,1,1
528,0,3,1,0.0399186036654745,0.0065931395656342,1,1,1
529,0,2,1,0.0235417406232285,0.0095673318618036,1,4,0
530,1,2,3,0.0020471078802807,0.0216304894266865,1,3,0
531,0,3,1,0.0312945397366111,0.0060142743909001,3,1,1
532,0,3,1,0.0174004169823863,0.0060142743909001,3,3,0
533,1,3,5,0.0155788894678737,0.0186008066057187,3,3,0
534,0,3,5,0.0307066182042111,0.0072066967176412,1,1,1
535,1,2,3,0.0071648775809826,0.0218384749019431,1,3,0
536,0,1,1,0.0460599273063167,0.0220880574722511,1,1,1
537,1,1,5,0.0307066182042111,0.0885394168167354,3,1,1
538,0,3,1,0.0449666529295198,0.0120631575648829,1,1,1
539,1,1,5,0.0225181866830882,0.0411811241008071,3,3,0
540,1,1,5,0.0368479418450534,0.0590678749728749,1,3,0
541,0,3,3,0.0092119854612633,0.0260189829546008,1,7,0
542,0,3,3,0.0112590933415441,0.0260189829546008,1,7,0
543,1,2,1,0.0327537260844919,0.0216304894266865,1,2,0
544,0,1,1,0.0511776970070186,0.0885394168167354,3,2,0
545,0,1,1,0.0655074521689838,0.0216304894266865,1,1,1
546,1,2,5,0.019447524862667,0.0216304894266865,1,2,0
547,1,2,1,0.0299555963344843,0.0115327946029785,3,1,1
548,0,3,1,0.0337772800246323,0.017075607518567,1,3,0
549,1,2,3,0.0081884315211229,0.0305738648627204,1,3,0
550,1,1,1,0.0174004169823863,0.0922484633940814,3,3,0
551,0,2,1,0.02763595638379,0.0216304894266865,1,1,1
552,0,3,1,0.0368203659793784,0.0065134395315159,5,1,1
553,1,3,1,0.0225181866830882,0.0060107802349157,3,1,1
554,1,3,5,0.0225181866830882,0.0064683482804803,1,1,1
555,0,1,1,0.0634603442887031,0.0220880574722511,1,1,1
556,1,1,5,0.0491305891267379,0.0329448992806457,3,2,0
557,0,1,1,0.0404278703610725,0.0932433411164238,3,1,1
558,1,1,5,0.0399186036654745,0.0662641724167533,1,3,0
559,1,3,5,0.0368479418450534,0.0144757890778594,1,2,0
560,0,3,1,0.034696649025449,0.0064475497329546,5,1,1
561,0,3,1,0.0409421576056149,0.0065688468621243,1,1,1
562,0,2,1,0.0286595103239304,0.0112312156638564,1,1,1
563,0,3,1,0.0255890954502,0.0066971323032625,1,1,1
564,0,3,5,0.0211419081692412,0.0066971323032625,1,1,1
565,0,3,1,0.0245652945633689,0.0200913969097877,1,3,0
566,0,3,1,0.019447524862667,0.0065688468621243,1,1,1
567,0,3,5,0.0296830642640708,0.0175331755641315,1,5,0
568,0,3,1,0.0383292136177847,0.0060142743909001,3,1,1
569,1,3,1,0.0327537260844919,0.0065342380790416,1,1,1
570,1,2,1,0.0634603442887031,0.0087353899607772,1,1,1
571,1,1,5,0.0542483588274397,0.0428277035113186,1,3,0
572,1,1,1,0.0368479418450534,0.0219528669133343,1,1,1
573,1,3,5,0.0193795550832594,0.0064475497329546,5,1,1
574,0,3,1,0.0163768630422459,0.0066971323032625,1,1,1
575,0,3,1,0.019447524862667,0.0120631575648829,1,1,1
576,1,2,5,0.0348008339647726,0.0108152447133432,1,1,1
577,1,1,5,0.0399186036654745,0.0465055522673761,1,2,0
578,0,3,5,0.0353493827017822,0.0120284655876101,3,2,0
579,1,3,1,0.0327537260844919,0.0065931395656342,1,1,1
580,1,2,5,0.0255888485035093,0.0249582570307922,1,3,0
581,1,1,5,0.0399186036654745,0.0922484633940814,3,3,0
582,0,2,1,0.0552719127675801,0.0216304894266865,1,1,1
583,0,1,1,0.0368479418450534,0.0333816687786845,3,1,1
584,0,3,1,0.0307077731229302,0.0072482938126925,3,1,1
585,1,1,5,0.0184239709225267,0.0662641724167533,1,3,0
586,0,2,1,0.0481070351865975,0.0124791285153961,1,1,1
587,1,1,1,0.0614132364084223,0.0658897985612914,3,3,0
588,0,3,1,0.0225181866830882,0.0066971323032625,1,1,1
589,0,3,1,0.0391925414169098,0.0066971323032625,1,1,1
590,0,3,1,0.035824387904913,0.0059275860448131,1,1,1
591,1,1,5,0.0532248048872994,0.0651133471850635,3,2,0
592,0,3,1,0.0481070351865975,0.0060315787824414,1,1,1
593,0,3,5,0.0225321475890763,0.0064475497329546,5,3,0
594,0,2,1,0.0378714957851938,0.0216304894266865,1,2,0
595,0,3,1,0.0368479418450534,0.0200913969097877,1,3,0
596,1,2,5,0.0381704153339113,0.0274540827338714,1,1,1
597,0,3,1,0.0501541430668782,0.0,1,1,1
598,0,3,1,0.0420122082868962,0.0060107802349157,3,1,1
599,1,1,1,0.0501541430668782,0.0473617868719125,3,2,0
600,1,2,5,0.0245652945633689,0.0224624313277129,1,4,0
601,0,3,1,0.0403134550029428,0.0065688468621243,1,1,1
602,0,1,1,0.0201663795048196,0.0352743366035196,1,1,1
603,0,3,1,0.0450363733661764,0.0066971323032625,1,1,1
604,1,1,1,0.035824387904913,0.0220880574722511,3,1,1
605,0,3,1,0.0368479418450534,0.0129366965609606,1,2,0
606,0,3,1,0.0307066182042111,0.0065688468621243,1,1,1
607,1,1,1,0.02763595638379,0.0253742279813054,1,1,1
608,1,2,5,0.0225181866830882,0.0345914786911571,3,4,0
609,1,1,5,0.0409421576056149,0.0932433411164238,1,1,1
610,0,3,5,0.0399186036654745,0.0260189829546008,1,7,0
611,0,3,1,0.0300700298867392,0.0058651904022361,1,1,1
612,1,3,5,0.0321868094010994,0.0128950994659093,5,2,0
613,0,3,1,0.0162955471067058,0.0064475497329546,5,1,1
614,0,3,1,0.035824387904913,0.0066971323032625,1,1,1
615,1,2,5,0.0245652945633689,0.0540762235667164,1,4,0
616,0,3,1,0.0348008339647726,0.0119799633747802,1,3,0
617,0,3,5,0.0266124024436497,0.0133942646065251,1,2,0
618,1,2,3,0.0040942157605614,0.0324457341400298,1,4,0
619,0,2,1,0.0266124024436497,0.0087353899607772,1,1,1
620,0,3,1,0.02763595638379,0.0120250546258158,3,2,0
621,1,1,1,0.0429892654858956,0.043722041054922,1,2,0
622,1,3,1,0.0204710788028074,0.0130961798233873,3,3,0
623,0,3,1,0.0214946327429478,0.0065342380790416,1,1,1
624,0,3,1,0.0214946327429478,0.0133942646065251,1,1,1
625,0,1,1,0.0624367903485627,0.0268890277946943,1,1,1
626,0,2,1,0.0583425745880012,0.0102744824776761,5,1,1
627,1,1,5,0.0214946327429478,0.0648567763027869,1,1,1
628,0,3,1,0.0266124024436497,0.0065688468621243,1,1,1
629,0,3,1,0.0240083464161508,0.0064336563032075,5,1,1
630,1,1,1,0.0818843152112298,0.0249582570307922,1,1,1
631,0,3,1,0.052201250947159,0.0058686845582204,1,1,1
632,1,1,1,0.0327537260844919,0.0253742279813054,3,1,1
633,0,1,1,0.0350687146473569,0.0,1,1,1
634,0,3,3,0.0092119854612633,0.0232111790386367,1,6,0
635,1,2,5,0.0286595103239304,0.0108152447133432,1,1,1
636,0,3,1,0.0327537260844919,0.0065931395656342,1,1,1
637,0,2,1,0.0317301721443515,0.0218384749019431,1,3,0
638,0,3,5,0.0419657115457553,0.0330176941969855,1,6,0
639,0,3,1,0.0289080550268188,0.0133942646065251,1,2,0
640,0,3,1,0.0204710788028074,0.0065342380790416,1,1,1
641,1,1,5,0.0245652945633689,0.05765357374113,3,1,1
642,0,3,3,0.0020471078802807,0.0232111790386367,1,6,0
643,1,3,1,0.0189995977562689,0.0470012232520077,1,1,1
644,1,3,3,0.0007676654551052,0.0160217867125368,3,4,0
645,1,1,1,0.0491305891267379,0.0638342365122354,3,2,0
646,0,3,1,0.019447524862667,0.0065688468621243,1,1,1
647,1,1,1,0.0573190206478609,0.0295339374864374,3,1,1
648,0,3,1,0.0370413186204642,0.0062811613527493,1,1,1
649,1,3,5,0.0235417406232285,0.0062811613527493,1,1,1
650,0,3,1,0.0253529466114148,0.0065688468621243,1,1,1
651,1,2,5,0.0184239709225267,0.0191346637236073,1,2,0
652,0,3,1,0.0214946327429478,0.007016015633926,1,1,1
653,1,3,5,0.0285165032022803,0.0065134395315159,5,1,1
654,0,3,5,0.0184239709225267,0.0056156078319282,5,1,1
655,0,2,1,0.0245652945633689,0.0611477297254409,1,3,0
656,0,3,1,0.0389407470169518,0.0065688468621243,1,1,1
657,0,3,5,0.0327537260844919,0.0128950994659093,5,3,0
658,0,2,1,0.0235417406232285,0.0108152447133432,1,1,1
659,0,1,1,0.0593661285281416,0.0932433411164238,3,3,0
660,1,1,1,0.0511776970070186,0.0932433411164238,1,3,0
661,0,3,1,0.0409421576056149,0.0060107802349157,3,1,1
662,0,1,1,0.0481070351865975,0.0212873133925131,1,1,1
663,0,3,1,0.0368479418450534,0.0062360701017137,1,1,1
664,1,3,1,0.0204710788028074,0.0065931395656342,1,2,0
665,0,2,1,0.0327537260844919,0.0611477297254409,1,3,0
666,0,2,1,0.0255888485035093,0.0108152447133432,1,1,1
667,0,3,1,0.0414054024225303,0.0064683482804803,1,1,1
668,0,3,1,0.044012819426036,0.0066971323032625,1,1,1
669,1,1,5,0.0362801828429941,0.0432609788533731,1,2,0
670,1,2,5,0.0409421576056149,0.0324457341400298,1,3,0
671,0,1,1,0.0317301721443515,0.0432609788533731,1,2,0
672,0,2,1,0.0716487758098261,0.0087353899607772,1,1,1
673,1,2,1,0.0317301721443515,0.0108152447133432,1,1,1
674,0,2,1,0.0380145945186394,0.0,1,1,1
675,0,3,1,0.0184239709225267,0.0064683482804803,1,1,1
676,0,3,1,0.0250770715334391,0.0066971323032625,1,1,1
677,1,3,5,0.0184239709225267,0.0081877226073315,1,1,1
678,0,3,5,0.044012819426036,0.0390180751581385,1,8,0
679,1,1,1,0.0368479418450534,0.0932433411164238,3,2,0
680,0,3,5,0.03717876689714,0.0067699272196023,5,1,1
681,1,1,1,0.02763595638379,0.0638342365122354,3,1,1
682,0,3,1,0.0204710788028074,0.0076746640369686,1,1,1
683,0,3,3,0.0143297551619652,0.0390180751581385,1,8,0
684,0,2,1,0.0614132364084223,0.0324457341400298,1,3,0
685,0,2,1,0.0255888485035093,0.0345914786911571,3,4,0
686,0,3,3,0.0143297551619652,0.0330176941969855,1,6,0
687,0,3,1,0.019447524862667,0.0084615146869593,1,1,1
688,0,3,1,0.0184239709225267,0.0064856526720216,1,1,1
689,1,1,3,0.0153533091021055,0.0932433411164238,1,2,0
690,1,1,1,0.0317301721443515,0.0474206883585052,1,2,0
691,1,3,3,0.0040942157605614,0.011161914903501,3,2,0
692,1,3,1,0.0240802824827553,0.0470012232520077,1,1,1
693,0,3,1,0.0255888485035093,0.0060107802349157,3,1,1
694,0,1,1,0.0614132364084223,0.0220880574722511,1,1,1
695,0,2,1,0.0532248048872994,0.0112312156638564,1,1,1
696,0,3,1,0.0450363733661764,0.0066971323032625,1,1,1
697,1,3,5,0.025605860574508,0.0064336563032075,5,1,1
698,0,1,1,0.0501541430668782,0.0922484633940814,3,3,0
699,0,3,1,0.0429892654858956,0.006364355542852,1,1,1
700,1,1,5,0.0184239709225267,0.0932433411164238,3,2,0
701,1,1,1,0.035824387904913,0.0218696727232316,1,1,1
702,0,3,5,0.0184239709225267,0.0120250546258158,3,2,0
703,0,3,1,0.0255888485035093,0.0064406446151761,5,1,1
704,0,3,1,0.0266124024436497,0.0065342380790416,1,2,0
705,0,2,1,0.0399186036654745,0.0216304894266865,1,1,1
706,1,2,5,0.0460599273063167,0.0112312156638564,1,1,1
707,1,1,1,0.0429892654858956,0.0218696727232316,1,1,1
708,1,1,5,0.0225181866830882,0.0932433411164238,1,1,1
709,1,3,1,0.024378098898142,0.0126836198346684,3,3,0
710,1,1,5,0.0245652945633689,0.0411846182567914,3,1,1
711,0,1,1,0.0316124008437709,0.0220880574722511,1,1,1
712,1,1,1,0.0491305891267379,0.0432609788533731,1,2,0
713,0,3,1,0.0296830642640708,0.0078895546300037,1,1,1
714,0,2,1,0.0532248048872994,0.0108152447133432,1,1,1
715,0,3,1,0.019447524862667,0.006364355542852,1,1,1
716,1,1,5,0.0388950497253341,0.0932433411164238,3,1,1
717,1,2,5,0.02763595638379,0.0087353899607772,1,1,1
718,0,3,1,0.0237548207041398,0.0128950994659093,5,1,1
719,0,3,1,0.0337772800246323,0.0064683482804803,1,1,1
720,1,2,3,0.0061413236408422,0.0274540827338714,1,2,0
721,0,3,1,0.0174004169823863,0.0058686845582204,1,2,0
722,0,2,1,0.0348008339647726,0.0108152447133432,1,1,1
723,0,2,1,0.0511776970070186,0.0108152447133432,1,1,1
724,1,1,1,0.02763595638379,0.0441761149445022,1,2,0
725,0,3,1,0.0204710788028074,0.0072066967176412,1,1,1
726,1,2,5,0.0307066182042111,0.0174707799215545,1,4,0
727,1,3,5,0.0361549186216299,0.0064371504591918,5,1,1
728,0,2,1,0.0255888485035093,0.0216304894266865,1,2,0
729,0,3,5,0.0255888485035093,0.0065931395656342,1,2,0
730,1,1,5,0.0296830642640708,0.0932433411164238,1,1,1
731,0,3,3,0.0112590933415441,0.0156301084655336,3,1,1
732,0,2,1,0.0357257125885136,0.0,1,1,1
733,0,2,1,0.0235417406232285,0.0108152447133432,1,1,1
734,0,2,1,0.0235417406232285,0.0108152447133432,1,1,1
735,0,3,1,0.0291712872940006,0.0133942646065251,1,1,1
736,0,3,5,0.0491305891267379,0.0285980028477827,1,5,0
737,1,1,1,0.035824387904913,0.0932433411164238,3,1,1
738,0,3,1,0.0310632994204421,0.0065688468621243,1,1,1
739,0,3,1,0.0175486581895523,0.0065688468621243,1,1,1
740,1,1,1,0.0389219946321752,0.0249582570307922,1,1,1
741,0,1,1,0.0368479418450534,0.0655986188959322,1,2,0
742,1,1,5,0.0214946327429478,0.0932433411164238,3,5,0
743,0,3,1,0.0245652945633689,0.0133942646065251,1,2,0
744,1,3,1,0.0317301721443515,0.0065931395656342,1,1,1
745,0,1,1,0.0716487758098261,0.0590678749728749,1,3,0
746,0,3,1,0.0163768630422459,0.0168468234957847,1,3,0
747,1,2,5,0.0307066182042111,0.0108152447133432,1,1,1
748,0,1,1,0.019447524862667,0.0441761149445022,1,2,0
749,0,3,1,0.0317301721443515,0.0064475497329546,5,1,1
750,1,2,3,0.0040942157605614,0.0191346637236073,1,3,0
751,1,3,3,0.0061413236408422,0.0103784752153044,1,2,0
752,0,3,1,0.0337772800246323,0.0079034480597508,1,1,1
753,0,3,1,0.0235417406232285,0.0065688468621243,1,1,1
754,1,2,5,0.0491305891267379,0.0540762235667164,1,4,0
755,1,2,3,0.000685781139894,0.0120631575648829,1,3,0
756,0,3,1,0.0286595103239304,0.0064856526720216,1,1,1
757,0,2,1,0.0184239709225267,0.0095673318618036,1,1,1
758,0,3,1,0.0348008339647726,0.0066971323032625,1,1,1
759,1,1,5,0.0337772800246323,0.0719629744387842,1,1,1
760,0,3,1,0.0397985636179856,0.0120631575648829,1,1,1
761,0,3,1,0.0419657115457553,0.0059275860448131,1,1,1
762,1,3,1,0.0204710788028074,0.0060142743909001,3,1,1
763,1,1,5,0.0368479418450534,0.0932433411164238,1,4,0
764,0,3,1,0.0163768630422459,0.0064683482804803,1,1,1
765,1,1,5,0.052201250947159,0.0648567763027869,1,2,0
766,0,1,1,0.0344070731933766,0.0329448992806457,3,1,1
767,0,3,5,0.0312183951742813,0.0064475497329546,5,1,1
768,0,3,1,0.0189786313647376,0.0200913969097877,5,2,0
769,0,3,1,0.0327537260844919,0.0069571141473333,1,1,1
770,0,3,1,0.0245652945633689,0.0079034480597508,1,1,1
771,0,3,1,0.0491305891267379,0.0065342380790416,1,1,1
772,0,2,5,0.0583425745880012,0.0087353899607772,1,1,1
773,0,3,1,0.0251925439567252,0.0060107802349157,3,1,1
774,1,2,5,0.0552719127675801,0.0191346637236073,1,5,0
775,0,3,1,0.0184239709225267,0.0064475497329546,1,1,1
776,0,3,1,0.0248200927149588,0.0064475497329546,5,1,1
777,1,3,3,0.0051177697007018,0.0103784752153044,1,1,1
778,0,3,1,0.0443969753266031,0.0064371504591918,5,1,1
779,1,1,5,0.044012819426036,0.0932433411164238,1,2,0
780,1,3,3,0.0133062012218248,0.0060142743909001,3,1,1
781,1,1,5,0.0174004169823863,0.0474206883585052,1,2,0
782,0,1,1,0.0296830642640708,0.0249582570307922,1,1,1
783,0,3,1,0.0369734125173971,0.0195090375790692,1,4,0
784,0,3,1,0.0255888485035093,0.0058651904022361,1,1,1
785,0,3,1,0.0255888485035093,0.0060315787824414,1,1,1
786,1,3,5,0.0184239709225267,0.0062360701017137,1,1,1
787,0,3,3,0.0081884315211229,0.0242303078673941,5,6,0
788,1,3,3,0.0010235539401403,0.0171172046136183,1,4,0
789,0,1,1,0.0470834812464571,0.0658897985612914,3,1,1
790,0,3,1,0.0212767989485809,0.0064475497329546,5,1,1
791,0,2,1,0.0163768630422459,0.0216304894266865,1,1,1
792,0,3,5,0.0207446570226352,0.0578615592163866,1,11,0
793,0,1,1,0.0196561785252507,0.0255371222055263,3,1,1
794,0,3,1,0.0255888485035093,0.0065688468621243,1,1,1
795,0,2,1,0.0399186036654745,0.0108152447133432,1,1,1
796,1,1,5,0.0501541430668782,0.0215715879400939,1,1,1
797,1,3,5,0.0317301721443515,0.0072240011091826,1,1,1
798,0,3,1,0.0307066182042111,0.0060142743909001,3,1,1
799,0,3,5,0.0307066182042111,0.0200913969097877,1,3,0
800,0,2,1,0.0348008339647726,0.0108152447133432,1,1,1
801,1,2,5,0.0317301721443515,0.0218384749019431,1,3,0
802,1,1,3,0.0112590933415441,0.0932433411164238,1,4,0
803,1,3,3,0.0004298926548589,0.0070853995884716,3,2,0
804,1,3,1,0.02763595638379,0.0058027947596591,1,1,1
805,0,3,1,0.0317301721443515,0.0064683482804803,1,1,1
806,0,1,1,0.0399186036654745,0.0,1,1,1
807,0,3,5,0.0184239709225267,0.0064683482804803,1,1,1
808,0,2,1,0.0399186036654745,0.0108152447133432,1,1,1
809,1,1,5,0.0337772800246323,0.0441761149445022,1,2,0
810,0,3,1,0.0266124024436497,0.0065619417443457,1,1,1
811,0,3,1,0.0399186036654745,0.0200913969097877,1,1,1
812,0,2,1,0.035824387904913,0.0087353899607772,1,1,1
813,0,3,3,0.0061413236408422,0.0260189829546008,1,7,0
814,0,3,1,0.0312183951742813,0.0066971323032625,1,1,1
815,0,1,1,0.0356913635633272,0.0,1,1,1
816,0,3,5,0.0235417406232285,0.0065931395656342,1,1,1
817,0,2,1,0.0317301721443515,0.0307853444939613,3,3,0
818,0,3,1,0.044012819426036,0.0053660252616203,1,1,1
819,0,3,3,0.0102355394014037,0.0232111790386367,1,6,0
820,1,1,5,0.0532248048872994,0.077786567745969,1,3,0
821,1,3,1,0.02763595638379,0.0072066967176412,1,1,1
822,0,1,1,0.0388950497253341,0.0,1,1,1
823,1,3,5,0.02763595638379,0.0103784752153044,1,2,0
824,0,3,3,0.0020471078802807,0.0330176941969855,1,6,0
825,0,3,1,0.036059355499883,0.0057819962121335,5,1,1
826,0,3,1,0.0350220675416705,0.0470012232520077,1,1,1
827,1,2,3,0.0010235539401403,0.0307853444939613,3,3,0
828,1,3,1,0.0191164630989357,0.0064475497329546,5,1,1
829,1,1,5,0.0634603442887031,0.0665553520821125,1,1,1
830,1,3,3,0.0153533091021055,0.0120250546258158,3,2,0
831,1,2,3,0.0008495497703165,0.0155989106442451,1,3,0
832,0,3,1,0.0173078097633779,0.0060142743909001,3,1,1
833,0,3,1,0.0235417406232285,0.0065342380790416,1,1,1
834,0,3,1,0.0184239709225267,0.0069051177785191,1,1,1
835,1,1,5,0.0399186036654745,0.0691828741881242,3,3,0
836,0,3,1,0.0214946327429478,0.0072066967176412,1,1,1
837,0,3,1,0.0232827753365014,0.0066971323032625,1,1,1
838,1,3,1,0.0327537260844919,0.0470012232520077,1,1,1
839,1,1,1,0.0185286825824724,0.0247086744604842,3,1,1
840,0,3,1,0.0204710788028074,0.0065931395656342,1,1,1
841,0,2,1,0.0163768630422459,0.0087353899607772,1,1,1
842,1,1,5,0.0307066182042111,0.0257901989318186,3,1,1
843,0,3,1,0.0353126109348428,0.0053556259878574,3,1,1
844,0,3,1,0.0174004169823863,0.0072066967176412,1,1,1
845,0,3,1,0.0429892654858956,0.0062811613527493,1,1,1
846,0,3,1,0.0177592428593022,0.0578615592163866,1,11,0
847,0,3,1,0.035824387904913,0.0065688468621243,3,1,1
848,0,2,1,0.0286595103239304,0.0274540827338714,1,2,0
849,1,1,5,0.0424186260588166,0.0741295175374372,3,2,0
850,0,3,3,0.0040942157605614,0.0260189829546008,1,7,0
851,0,3,1,0.0757429915703876,0.0064683482804803,1,1,1
852,0,3,3,0.0092119854612633,0.0126836198346684,3,3,0
853,1,1,5,0.0163768630422459,0.0327785109004404,1,2,0
854,0,2,5,0.0450363733661764,0.0216304894266865,1,2,0
855,1,3,5,0.0184239709225267,0.0077786567745969,1,2,0
856,1,1,5,0.0460599273063167,0.0932433411164238,1,3,0
857,1,1,1,0.052201250947159,0.0220880574722511,1,1,1
858,1,3,5,0.0245652945633689,0.0160217867125368,3,4,0
859,0,3,1,0.025579696726851,0.0060142743909001,3,1,1
860,0,3,1,0.0419657115457553,0.0117372859222508,1,3,0
861,0,2,1,0.0214946327429478,0.0095673318618036,1,2,0
862,1,1,5,0.0491305891267379,0.0215715879400939,1,1,1
863,0,3,5,0.0440908744868398,0.0578615592163866,1,11,0
864,0,2,1,0.0245652945633689,0.0108152447133432,1,1,1
865,1,2,5,0.0429892654858956,0.0108152447133432,1,1,1
866,1,2,5,0.02763595638379,0.0115293004469942,3,2,0
867,0,1,1,0.0317301721443515,0.0420095718458492,1,1,1
868,0,3,1,0.0230272169118381,0.0079034480597508,1,1,1
869,1,3,3,0.0040942157605614,0.0092622587666973,1,3,0
870,0,3,1,0.0266124024436497,0.0065688468621243,1,1,1
871,1,1,5,0.0481070351865975,0.043722041054922,1,3,0
872,0,1,1,0.0337772800246323,0.004159709505132,1,1,1
873,0,3,1,0.0481070351865975,0.0074874771092376,1,1,1
874,1,2,5,0.0286595103239304,0.0199666056246337,3,2,0
875,1,3,3,0.0153533091021055,0.0060107802349157,3,1,1
876,0,3,1,0.0204710788028074,0.0081911335691258,1,1,1
877,0,3,1,0.019447524862667,0.0065688468621243,1,1,1
878,0,3,1,0.0384288928259701,0.0065688468621243,1,1,1
879,1,1,5,0.0573190206478609,0.0691828741881242,3,2,0
880,1,2,5,0.0255888485035093,0.0216304894266865,1,2,0
881,0,3,1,0.0337772800246323,0.0065688468621243,1,1,1
882,0,3,5,0.0225181866830882,0.0087492833905244,1,1,1
883,0,2,1,0.0286595103239304,0.0087353899607772,1,1,1
884,0,3,1,0.0255888485035093,0.0058651904022361,1,1,1
885,0,3,5,0.0399186036654745,0.0242303078673941,5,6,0
886,0,2,1,0.02763595638379,0.0108152447133432,1,1,1
887,1,1,5,0.019447524862667,0.0249582570307922,1,1,1
888,0,3,5,0.0397065656410552,0.0195090375790692,1,4,0
889,1,1,1,0.0266124024436497,0.0249582570307922,3,1,1
890,0,3,1,0.0327537260844919,0.0064475497329546,5,1,1
